p,superadmin,*,*,*
p,owner,*,*,*
p,admin,*,accounts,read
p,admin,*,accounts,write
p,admin,*,periods,read
p,admin,*,periods,write
p,admin,*,entries,read
p,admin,*,entries,write
p,admin,*,exchange_rates,read
p,admin,*,exchange_rates,write
p,admin,*,attachments,read
p,admin,*,attachments,write
p,admin,*,reports,read
p,admin,*,contacts,read
p,admin,*,contacts,write
p,admin,*,tax_rates,read
p,admin,*,tax_rates,write
p,admin,*,invoices,read
p,admin,*,invoices,write
p,admin,*,payments,read
p,admin,*,payments,write
p,member,*,accounts,read
p,member,*,periods,read
p,member,*,entries,read
p,member,*,exchange_rates,read
p,member,*,attachments,read
p,member,*,attachments,write
p,member,*,reports,read
p,member,*,contacts,read
p,member,*,tax_rates,read
p,member,*,invoices,read
p,member,*,payments,read
p,member,*,users,read
p,member,*,users,write
p,user,*,users,read
